Tilenum, RMS
0, 0.1526
8194, 0.3951
3, 0.2931
6, 0.5017
28915, 0.6853
8202, 0.3045
21847, 0.2617
8204, 0.2169
8206, 2.2453
46919, 0.2785
16405, 0.3579
16406, 0.1838
16409, 0.3683
16410, 0.2451
16411, 0.7356
8220, 0.2229
8222, 0.7515
16415, 0.4006
8224, 0.0843
8226, 0.3178
16421, 0.4798
16425, 0.2497
16428, 0.4796
16429, 0.3584
16431, 0.2903
12296, 0.1480
16435, 0.2109
16436, 0.3513
16437, 0.3389
3275, 0.3535
16439, 0.2532
16440, 0.3548
16441, 0.2115
16442, 0.5021
21855, 0.2660
16444, 0.4537
12298, 0.2027
16446, 0.3833
16448, 0.1721
16449, 0.3747
16451, 0.1781
16452, 0.4007
16453, 0.3552
25953, 0.2097
8264, 0.2968
73, 0.2092
8266, 0.5420
16459, 0.3480
76, 0.4509
16462, 0.4010
27320, 0.1804
16467, 0.3974
16473, 0.1714
16475, 0.1672
16476, 0.2155
16477, 0.3990
21861, 0.2968
16480, 0.2448
97, 0.6260
16483, 0.3812
16485, 0.2630
16486, 0.1419
16489, 0.1734
8299, 0.4015
8300, 1.1468
16496, 0.5402
25960, 0.2177
17769, 0.1230
27327, 0.2009
25962, 0.2364
25963, 0.3175
16520, 0.4068
16522, 0.4135
141, 0.2257
8338, 0.3244
16532, 0.3976
16536, 0.3379
153, 0.2793
155, 0.1487
21872, 0.3819
16547, 0.2941
16553, 0.2092
8365, 0.1261
180, 0.1345
181, 0.1185
24758, 0.4787
183, 0.1038
8377, 0.2150
24764, 0.5027
24765, 0.2949
8385, 0.4685
18010, 2.2074
8397, 0.1253
206, 0.2733
207, 0.1848
31104, 1.1726
21551, 0.2609
15556, 0.2947
25649, 0.3704
246, 0.3622
24823, 0.2102
30287, 0.3197
252, 0.2536
39935, 0.3369
16646, 0.3688
24840, 0.1912
24841, 0.3447
24842, 0.1386
8459, 0.1380
24845, 0.1869
24847, 0.2748
16661, 0.2280
24855, 0.5463
30999, 4.1564
30561, 0.4969
42992, 0.2996
27771, 0.2491
16702, 0.1672
16708, 0.4392
16438, 0.2446
16711, 0.2978
1420, 0.8134
24631, 0.2027
27913, 0.2628
1421, 0.3583
26189, 0.1146
338, 0.2163
339, 0.3184
24916, 0.3517
16725, 0.1684
28304, 1.4042
24924, 0.1226
24926, 0.1458
30836, 0.4974
16739, 0.1666
16742, 0.1220
26001, 0.2326
8552, 0.1104
8553, 0.1154
363, 0.1276
16749, 0.1265
16445, 0.1868
8562, 0.1966
26003, 0.2305
24949, 0.3338
24951, 0.2822
17812, 0.1470
8571, 0.1354
35562, 0.1730
24958, 0.1563
17813, 0.1524
17814, 0.1643
17815, 0.1624
16782, 0.1441
16785, 0.3809
16787, 0.3100
26746, 0.5508
16926, 0.4114
47205, 0.2659
35570, 0.1287
16456, 0.1857
35571, 0.2757
42993, 0.3221
25035, 0.1459
16852, 0.0938
16854, 0.1688
16855, 0.1652
16858, 0.1478
16859, 0.1282
16861, 0.1405
25056, 0.2597
8673, 0.6063
25058, 0.2195
8675, 0.8294
16871, 0.1435
491, 0.2683
8687, 0.1180
16881, 0.1174
27390, 0.1481
25083, 0.1705
513, 1.6614
514, 0.2155
515, 0.9824
516, 0.9347
517, 0.8988
518, 0.5305
519, 0.5281
520, 5.0047
521, 1.1567
522, 1.8317
523, 0.6993
524, 0.4636
525, 0.3920
526, 0.5308
527, 0.3093
528, 1.7171
530, 1.0614
531, 1.1055
534, 0.9335
535, 1.0289
536, 0.3507
537, 0.2125
538, 0.1900
539, 0.1956
540, 0.2914
541, 0.4686
542, 0.2703
543, 0.3024
544, 1.8741
545, 0.8662
547, 1.3007
8740, 0.0978
549, 0.6806
550, 2.8195
551, 1.8311
31495, 0.2606
556, 4.9647
557, 2.7911
25134, 0.6471
559, 8.0425
560, 0.4087
561, 0.3147
562, 1.5933
563, 0.5455
564, 0.3402
565, 0.6645
566, 0.4917
567, 1.5044
568, 2.5485
569, 2.8778
570, 7.0350
8763, 0.1242
572, 2.1636
573, 2.7594
26037, 0.2470
30298, 0.4475
25158, 0.1564
16481, 0.1625
584, 1.1458
586, 1.0614
26039, 0.5643
25164, 0.4325
25165, 0.2414
597, 0.2574
24843, 0.2764
25178, 0.1630
25179, 0.2189
25182, 0.1923
608, 1.6445
30259, 0.0862
25188, 0.2940
42609, 1.8136
1472, 0.4921
26049, 0.2922
35756, 0.3793
17036, 0.5753
22117, 0.7611
26209, 0.2694
8856, 0.1469
8857, 0.1119
25247, 3.4935
23324, 0.3497
28810, 1.2133
25263, 1.8929
26056, 0.1884
25267, 2.3555
25268, 1.7119
25269, 0.9407
25270, 1.2358
25271, 0.4901
696, 0.2320
25273, 1.0397
25274, 0.9414
23327, 0.1502
25276, 0.5320
25277, 0.4463
25278, 0.4764
25279, 0.5238
25290, 1.9270
22119, 0.5736
17104, 0.1262
8915, 0.1438
17110, 0.1779
17111, 0.1242
8921, 0.1086
8927, 0.2124
736, 0.1637
737, 0.4725
25314, 0.4248
25315, 0.6435
46930, 0.3144
25318, 1.8939
25320, 0.5089
25321, 0.9434
25322, 1.0470
25323, 2.1320
25324, 2.6992
27303, 0.2675
17141, 0.3382
30304, 2.0303
40431, 0.2311
8963, 0.4949
20609, 0.5785
28802, 1.1346
17171, 0.1957
17179, 0.0864
799, 0.5092
23628, 0.6810
9005, 0.1571
17204, 0.1748
821, 0.3195
17206, 0.2166
9021, 0.4327
9023, 0.3164
17220, 0.1342
35638, 0.4203
17223, 0.1251
9036, 0.3919
30307, 0.6002
17237, 0.3950
854, 0.4859
855, 0.5737
856, 0.3756
9049, 0.6805
858, 0.2083
859, 0.0764
860, 0.2613
861, 0.2988
862, 0.2604
863, 0.4992
9057, 0.1026
9060, 0.0954
27307, 0.2353
9064, 0.4836
9066, 0.4102
17895, 0.2652
880, 0.2878
881, 0.3214
884, 0.2521
46948, 0.3888
24853, 0.2867
25478, 0.2554
38765, 0.1043
38380, 0.4863
9098, 0.1865
30309, 0.5629
21853, 0.2795
17307, 0.2124
17312, 0.1411
17314, 0.1350
931, 0.1861
9125, 0.1468
934, 0.1092
9130, 0.1866
9131, 0.3494
9135, 0.1411
9143, 0.2656
9145, 0.1921
9146, 0.2385
9147, 0.2805
9148, 0.2699
9149, 0.1611
9150, 0.7819
9151, 0.1585
17357, 0.2873
9172, 0.1131
9173, 0.1436
27311, 0.2229
9188, 0.1498
30312, 0.0939
9194, 0.1913
25583, 0.1693
25591, 0.2898
25593, 0.1959
25594, 0.2972
25595, 0.3117
25596, 0.2350
25597, 0.2393
25598, 0.3953
1027, 0.1428
1030, 0.3503
1031, 0.6516
30629, 1.4905
1033, 0.1275
31000, 0.4606
1037, 0.3777
1039, 0.4839
17425, 0.1299
25619, 0.1954
31001, 1.5881
22130, 1.2957
25622, 0.9824
1048, 0.3070
1049, 0.9982
1050, 0.2750
1052, 0.2902
1053, 0.4497
1054, 0.2066
9247, 0.1670
25634, 1.2681
1060, 0.7781
1061, 0.3150
1062, 0.3559
1063, 0.3138
1071, 0.3161
1072, 0.3592
17457, 0.1948
1076, 0.3648
1077, 0.4194
29631, 4.3387
9272, 0.1105
9273, 0.1839
1082, 0.2742
30218, 0.2757
25132, 0.3440
25673, 0.2324
24759, 0.3075
17487, 0.2711
9299, 0.1724
23630, 1.0165
9302, 0.5087
17499, 0.3525
17502, 0.5976
1119, 0.1799
1121, 0.4453
17506, 0.4414
17507, 1.3335
1124, 0.5764
1125, 0.5177
1126, 0.6150
1127, 0.6963
25709, 0.2059
25952, 0.2036
26131, 0.8024
17524, 0.1062
1141, 0.2538
31012, 0.4900
30228, 0.2651
1157, 0.7455
1159, 0.3104
9353, 0.1498
9354, 0.4483
9355, 0.1637
25742, 0.2575
1168, 0.2688
1169, 0.5464
1170, 0.2995
1171, 0.6171
30045, 0.2526
1176, 0.8990
1177, 1.3097
30234, 0.7163
30235, 1.4145
25764, 0.3022
17580, 0.1944
26141, 0.3685
17594, 0.1954
25790, 0.1280
17601, 0.3784
32087, 0.5035
1231, 0.2226
9426, 0.2131
9427, 0.1893
1238, 0.7391
26148, 0.1561
1242, 0.1950
1244, 1.3437
35706, 0.2664
39803, 1.1281
1253, 0.3212
1255, 0.3266
1261, 0.2793
9455, 1.2394
1264, 0.2317
1266, 0.2946
1272, 0.3838
9466, 0.4817
9468, 0.5024
1284, 1.7607
1285, 1.3102
1287, 1.4998
1290, 0.1859
1292, 1.3436
1293, 0.5982
1294, 1.0965
1295, 0.4943
1296, 0.6581
12504, 0.5484
1298, 0.6393
1299, 0.1721
1300, 0.2575
1301, 0.3257
1302, 0.2380
1303, 0.2973
9496, 0.1527
9497, 0.3274
1306, 0.4168
9499, 0.7260
1308, 0.2589
1309, 0.2915
1310, 0.3322
1311, 0.3275
9504, 0.3923
30256, 0.0997
9506, 0.2724
1316, 1.2049
1317, 0.4289
1318, 1.0436
1319, 0.4264
9515, 0.1714
1324, 1.0861
1325, 0.3635
1326, 0.7090
1327, 0.3220
1328, 0.3539
1329, 0.3185
1330, 0.3898
1331, 0.3846
1332, 0.3184
1333, 0.3664
1334, 0.3919
1335, 0.3781
1336, 0.3001
1337, 0.3606
1338, 0.3110
1339, 0.3374
1340, 0.3580
1341, 0.4509
1342, 0.3554
1343, 0.3218
1344, 0.3538
1345, 1.3843
1346, 0.3013
1347, 1.0038
30262, 0.0880
1352, 0.3872
1353, 1.2630
1354, 0.3804
1355, 0.8860
17740, 0.1709
17741, 0.1762
24450, 2.0879
35725, 0.3874
9553, 0.2052
25938, 0.3368
25939, 0.1699
17748, 0.2145
17749, 0.2813
25942, 0.2151
25943, 0.2334
25944, 0.2568
25945, 0.2793
25947, 0.2103
25948, 0.3099
25951, 0.2774
1376, 0.4409
1377, 1.2602
1378, 0.4611
1379, 1.0784
25957, 0.3007
25958, 0.1090
9575, 0.1793
1384, 0.5051
1385, 1.2314
1386, 0.3598
1387, 1.1694
25964, 0.2725
25965, 0.2783
25966, 0.1106
25967, 0.1818
25970, 0.2528
9588, 0.7167
25973, 0.2908
9590, 0.3114
25976, 0.3399
25977, 0.2610
30271, 0.5676
25961, 0.1819
1412, 0.7496
1413, 0.3125
1414, 0.8699
1415, 0.3800
16414, 0.3799
9612, 0.2724
9613, 0.5952
1422, 0.8657
1423, 0.3846
1424, 0.3040
1425, 0.3560
1426, 0.3558
1427, 0.2937
1428, 0.3112
1429, 0.3126
1430, 0.2774
1431, 0.3001
1432, 0.3087
1433, 0.3185
1434, 0.3292
1435, 0.2781
1436, 0.2982
1437, 0.3251
1438, 0.3261
1439, 0.4561
1441, 2.0757
1443, 2.2862
1444, 0.7047
1445, 0.3821
1446, 0.7266
1447, 0.3199
1449, 0.9923
9642, 0.1502
9643, 0.3669
1452, 0.4125
1453, 0.3488
1454, 0.3765
1455, 0.2982
1456, 0.3287
1457, 0.3078
1458, 0.3337
1459, 0.3119
1460, 0.3080
1461, 0.6622
1462, 0.3257
1463, 0.8632
1464, 0.2718
1465, 0.3147
1466, 0.2777
1467, 0.2952
1468, 0.3748
1469, 1.1724
1470, 0.7236
1471, 1.7909
9664, 0.4396
1473, 1.3118
1474, 0.6929
26187, 0.5836
26052, 0.1750
24822, 0.1885
1480, 1.1800
1612, 0.5764
1482, 1.3684
28919, 0.0889
9805, 0.2355
35747, 0.3925
17999, 2.4972
42460, 0.1164
42462, 0.1250
17887, 0.1769
26080, 0.3337
9701, 0.2568
9703, 0.1702
28924, 0.1642
21505, 0.2878
17901, 0.1715
28925, 0.3186
1520, 1.0955
1521, 0.6866
1523, 0.4365
35753, 0.5106
9720, 0.2408
9722, 0.1513
28927, 2.0950
35754, 0.4594
1538, 0.3801
1539, 0.2562
26117, 0.2661
1542, 0.2704
1544, 0.2694
1545, 1.0244
1548, 0.6527
21874, 0.2124
9742, 0.5867
26128, 0.2363
26130, 1.2677
9747, 0.1558
26132, 0.2307
26134, 0.2295
26135, 0.2101
26140, 0.6727
13914, 0.5585
17952, 0.1612
17953, 0.1140
17955, 0.2356
9764, 0.2905
28149, 0.4310
1586, 0.1361
1587, 0.1125
1588, 0.3076
1589, 0.2995
1591, 0.4057
1592, 0.1588
1593, 0.1314
1601, 0.7508
1602, 0.2491
1603, 0.4392
1604, 0.3691
1606, 0.2849
1607, 0.8981
1608, 0.2781
21876, 0.3035
19421, 0.2360
17995, 2.1239
9804, 0.1599
1613, 0.2847
17998, 1.6406
9807, 0.1490
1617, 0.5404
26975, 0.1164
1620, 0.5535
42583, 1.9192
18020, 0.7229
9818, 0.1769
42589, 0.6578
18021, 0.7400
26208, 0.2754
18017, 1.4301
18019, 1.4883
1636, 0.3797
1637, 0.7338
1638, 0.4341
9831, 0.0984
26216, 0.1630
18025, 4.2029
18023, 0.7141
18028, 1.8422
18029, 1.5202
18032, 1.6583
22120, 0.3327
9842, 0.0848
42611, 0.4704
42612, 0.2127
1653, 1.0762
42614, 0.2680
1655, 1.1409
18040, 2.4895
1660, 3.6111
1661, 1.0490
1662, 2.0816
1663, 0.6394
30315, 1.0184
19423, 0.2726
47774, 0.2257
26251, 0.5446
1677, 0.1156
26254, 0.5624
26255, 0.2695
30318, 0.2714
1688, 0.2633
30335, 0.8193
26269, 0.1092
26271, 0.1878
26273, 0.2631
1698, 0.1106
1699, 0.2291
1700, 0.4277
1701, 0.8439
9894, 0.3445
18087, 0.1761
1704, 0.1234
1705, 0.2767
9898, 0.4158
26283, 0.2744
26284, 0.2352
18034, 1.5479
26288, 0.2731
26289, 0.0879
26290, 0.2164
26292, 0.1017
26296, 0.5949
18110, 0.2247
21561, 0.3527
25972, 0.2483
18122, 0.1645
42704, 0.2702
42705, 0.1719
1747, 4.3931
1748, 1.6095
1749, 0.6241
1750, 1.1015
1751, 0.6392
1753, 3.0499
1755, 0.8950
1756, 0.8759
1757, 0.5076
1758, 0.3752
1759, 0.2833
18144, 0.2941
30331, 0.9599
42727, 0.2968
18156, 0.2582
9965, 0.1676
42736, 0.2831
9969, 0.1531
1778, 2.7506
9971, 0.1610
1780, 0.3275
1781, 0.2839
1782, 0.3545
1783, 0.3163
9976, 0.1691
1785, 1.4170
1786, 1.6507
1787, 1.4612
1788, 0.7219
1789, 0.3138
1790, 0.5437
1791, 0.3143
9984, 0.1843
1793, 0.6759
1794, 1.1054
1795, 0.3855
1796, 0.3141
1797, 0.2778
1798, 0.3361
1799, 0.2552
1800, 0.8864
1801, 0.3328
1802, 0.6724
1803, 0.3067
1804, 0.2957
9997, 0.2660
1806, 0.2746
9999, 0.2416
1808, 0.2919
1809, 0.3693
1810, 0.3401
1811, 0.4120
1812, 0.8501
27884, 0.1258
1814, 0.9524
39897, 0.3750
1816, 0.3213
1817, 0.6640
1818, 0.4088
1819, 0.9034
1820, 1.9309
1824, 0.3645
1825, 0.3141
1826, 0.3482
3035, 0.3608
1828, 0.2799
1829, 0.3476
1830, 0.3295
1831, 0.3364
1832, 0.5271
1833, 0.3237
1834, 0.4958
1835, 0.3268
1836, 0.3180
1837, 0.4285
1838, 0.3386
1839, 0.4379
1840, 0.4378
1841, 0.9685
10034, 0.1092
1843, 2.0451
11230, 0.7479
1846, 0.3064
1847, 0.2219
10040, 0.1659
1850, 0.9293
3039, 0.3172
30346, 0.1970
1854, 0.9135
11246, 0.1737
12599, 0.1071
36183, 0.4867
26253, 0.2828
10066, 0.2044
35811, 0.1186
10081, 0.4578
10084, 0.1373
26469, 0.2553
10087, 0.2497
32616, 0.2547
34667, 0.3950
19433, 0.2843
30356, 0.2493
25120, 0.1493
44800, 0.3779
30357, 1.0749
1920, 0.3904
1921, 0.3459
1922, 0.3764
1923, 0.3084
1924, 0.3318
10117, 0.2131
1926, 0.3840
10119, 0.1187
1928, 0.3441
1929, 0.3167
1930, 0.3338
1931, 0.3126
1932, 0.3723
1933, 0.8124
1934, 0.3464
1935, 1.0111
1936, 1.6905
1937, 0.4404
1938, 1.8417
1940, 0.2425
10133, 0.1846
26519, 0.1268
18328, 0.1926
30837, 0.5187
10141, 0.5710
16709, 0.2197
1952, 0.2827
1953, 0.3332
1954, 0.3021
10147, 0.2086
1956, 0.4350
1957, 1.1997
10150, 0.2856
3057, 0.2986
1960, 0.3098
1961, 0.3409
10154, 0.1729
1963, 0.4035
1964, 0.8186
1965, 0.6530
1966, 1.0498
1968, 0.5742
31776, 0.1437
11252, 0.3934
30231, 0.2884
18366, 0.1283
3061, 0.3207
39926, 0.3430
10187, 0.1442
48076, 0.1195
42957, 0.6235
42959, 0.8823
48349, 0.2261
10195, 0.5325
42968, 0.8739
10201, 0.4890
42970, 0.0650
31164, 0.1862
42972, 0.7258
11258, 0.1354
18398, 0.1108
26277, 0.5435
10209, 0.1068
18402, 0.1047
42980, 0.4485
42981, 0.1022
42982, 0.5933
42983, 0.5688
18408, 0.2702
34793, 0.0883
18410, 0.1206
21563, 0.3276
34796, 0.2073
34798, 0.6059
39933, 0.3317
30794, 0.4911
26280, 0.1213
42994, 0.5306
18420, 0.4482
35838, 0.1467
20820, 0.3512
23551, 0.7285
26282, 0.3741
10239, 0.3941
10242, 0.1899
26627, 1.8119
26628, 1.8138
26629, 1.0212
26630, 0.8443
26631, 0.4041
26632, 0.4215
26633, 0.7708
26634, 0.3864
20823, 0.3631
10252, 0.2081
10253, 0.1343
10254, 0.1711
10255, 0.1210
26640, 0.3955
10257, 0.4209
26642, 0.3388
26643, 0.4097
26644, 0.5182
26645, 1.0686
26646, 1.0040
10264, 0.3227
10265, 0.2383
10266, 0.2046
26651, 1.3468
10268, 0.2021
10270, 0.4428
26656, 0.3866
26657, 0.3603
26658, 0.4199
26659, 0.4280
26660, 0.4195
26661, 0.8840
26662, 1.0812
26663, 1.5898
10280, 0.1690
18473, 0.4037
10282, 0.1375
18475, 0.2804
26668, 2.1357
10286, 0.3371
10287, 0.1307
10288, 0.4904
10289, 0.3940
10292, 0.1840
10293, 0.2213
10294, 0.3189
23561, 0.8500
30388, 0.4573
10299, 0.2353
10300, 0.1497
15370, 0.2590
10302, 0.1464
10303, 0.4951
26688, 1.5573
23563, 0.2633
10312, 0.3541
10314, 0.2310
15617, 1.0639
26705, 0.2964
26707, 0.2178
38858, 0.2231
34905, 0.2064
34907, 0.4200
18524, 0.1310
18525, 0.2949
10334, 0.1255
10335, 0.1732
31002, 0.7071
10340, 0.2114
10341, 0.1808
10342, 0.2115
10343, 0.2938
10344, 0.3340
10345, 0.2661
2154, 0.4185
2155, 0.4220
10348, 0.2557
10350, 0.3342
10351, 0.1756
18546, 0.1478
26302, 0.1061
361, 0.1127
18552, 0.2766
2170, 0.1640
10363, 0.2930
10368, 0.2255
10369, 0.3718
10370, 0.1701
10372, 0.1360
18566, 0.1359
10376, 0.5299
10377, 0.1826
10380, 0.1445
10382, 0.2967
10385, 0.4193
10386, 0.2511
10387, 0.2219
10388, 0.2142
10389, 0.1544
10391, 0.3443
10392, 0.1946
10393, 0.2524
17804, 0.1902
10397, 0.2423
10400, 0.3565
26785, 0.1976
23579, 3.0401
10404, 0.3346
10405, 0.2824
10407, 0.2375
18603, 0.1270
10413, 0.1185
10415, 0.3856
2225, 0.7231
10418, 0.2952
2227, 0.2307
2228, 0.4303
10421, 0.1688
2230, 0.2180
10423, 0.2869
17805, 0.2084
10426, 0.2800
23583, 0.9164
18622, 0.2728
18623, 0.4407
2240, 0.3189
2241, 0.4311
10434, 0.3885
10435, 0.2955
10436, 0.0968
10437, 0.1919
10438, 0.1726
10439, 0.3763
10440, 0.4033
10442, 0.2635
10443, 0.1816
10444, 0.2398
10445, 0.2991
10446, 0.2351
10447, 0.5676
10448, 0.2654
10449, 0.1720
10450, 0.3929
10451, 0.1629
18644, 0.1439
22222, 0.3422
10454, 0.1463
10456, 0.2890
10458, 0.2775
22223, 0.3810
12666, 0.2001
10464, 0.4625
10465, 0.2724
10466, 0.2693
10467, 0.4530
10468, 0.1938
30417, 0.5118
2282, 0.3246
10475, 0.1857
38859, 0.3331
23808, 1.1929
30419, 0.6668
18680, 0.1247
18681, 0.1186
2301, 0.1937
39903, 0.3993
26892, 0.1644
2317, 0.1472
26894, 0.2383
18703, 0.1426
2320, 0.1313
10513, 0.2814
10514, 0.4692
10515, 0.1764
10516, 0.2648
10517, 0.2388
10518, 0.1973
30425, 1.2179
18713, 0.1372
18716, 0.1346
22234, 0.4151
10526, 0.2074
10527, 0.1397
2340, 0.1578
23601, 2.7312
30428, 0.6357
23810, 0.8679
18736, 0.1215
10548, 0.3159
30358, 0.2901
43877, 0.1760
23604, 0.9676
18746, 0.0996
18747, 0.1499
19509, 0.1126
18753, 0.5389
2370, 0.1698
26950, 0.2396
2376, 0.1702
18762, 0.1428
26956, 0.2602
26957, 0.3384
18766, 0.1555
18767, 0.1823
26961, 0.2585
26962, 0.2508
26963, 0.3025
26964, 0.1339
26966, 0.3514
23609, 0.4038
26968, 0.2092
22244, 0.3495
18778, 0.1997
18779, 0.3567
26973, 0.4632
22245, 0.4210
18784, 0.1418
15419, 1.7131
26980, 0.2468
22246, 0.2567
26983, 0.3254
18794, 0.1499
18795, 0.2753
30359, 0.2223
10605, 0.2587
27904, 0.2190
10607, 0.2187
18800, 0.1126
26993, 0.7738
26994, 0.1320
10616, 0.5265
10618, 0.7476
43389, 0.1990
2433, 0.3590
2435, 0.2885
28167, 0.1748
27016, 0.1176
18157, 0.1310
23619, 1.4516
27030, 0.2237
23620, 0.2719
36089, 0.1405
23621, 0.3074
22256, 0.3545
15430, 1.4281
10662, 0.1626
1777, 0.6580
2472, 0.1410
27906, 0.1332
3143, 1.0636
14267, 1.2022
15432, 0.5350
1779, 0.6979
15433, 0.3580
15434, 0.1910
27073, 0.1432
15435, 0.2222
10695, 0.1473
27907, 0.1313
15436, 0.2957
18894, 0.3641
23629, 0.3761
40279, 1.0452
15438, 0.2449
22265, 0.2982
27097, 0.9120
23631, 0.4339
23560, 0.2539
38650, 0.6795
23816, 0.6368
22267, 0.2890
30363, 0.2505
27729, 0.0888
22268, 0.3223
23634, 0.2972
23635, 0.3103
10740, 0.2096
10741, 0.8250
10743, 0.8291
19540, 0.1303
23817, 1.3351
10749, 0.3604
10751, 0.2090
27136, 0.1213
2561, 0.2367
2564, 0.2006
18949, 0.1191
10758, 0.3198
18177, 0.2222
10761, 0.1241
2570, 0.6469
2571, 0.2997
35820, 0.1138
23640, 0.3637
30623, 1.2930
46987, 0.1404
23641, 0.4655
18180, 0.7472
23818, 0.4106
23642, 0.3547
2592, 0.6818
2593, 0.4730
23643, 0.4416
48490, 0.5201
10790, 0.1831
23644, 0.3956
23645, 0.3557
19550, 0.1966
26377, 0.2737
23819, 0.9311
2619, 1.0273
1451, 0.8286
2622, 0.6285
2623, 0.5084
19009, 0.3423
1805, 0.3004
19026, 0.1564
19027, 0.6152
19029, 0.0880
19030, 0.7895
19031, 0.0932
19032, 0.1848
10841, 0.1451
2650, 0.1751
2651, 0.4511
2652, 0.1672
10846, 0.2551
10847, 0.2119
27239, 1.0377
10856, 0.1658
29116, 0.6678
2666, 0.5943
2667, 0.8780
27244, 2.1156
27245, 0.5602
27247, 0.7272
2672, 0.6149
27250, 0.8106
26276, 0.3035
29118, 0.5473
2680, 0.4540
27257, 0.4127
27258, 0.0243
27259, 0.2664
27260, 0.8513
11370, 0.1294
27262, 1.1118
15638, 0.3188
19076, 0.2407
19078, 0.2858
10888, 0.2467
26004, 0.2400
19085, 0.1254
10894, 0.3218
27279, 0.3057
2705, 0.9589
2707, 5.2381
2708, 0.2243
2709, 0.7682
2710, 2.8196
2711, 5.1726
27288, 0.2262
2713, 0.1999
27914, 0.1623
43677, 0.1160
10912, 0.1842
23664, 0.3885
27298, 0.3091
27299, 0.2414
2724, 0.1531
27301, 0.2958
23665, 0.3641
26005, 0.2415
27305, 0.2092
27306, 0.3506
19115, 0.1927
27308, 0.2047
10925, 0.1610
19118, 0.1493
10927, 0.3177
27312, 1.0368
23667, 0.3465
10936, 0.1730
27321, 0.2783
10938, 0.2607
27323, 0.2532
10941, 0.2300
27326, 0.1926
2751, 0.6882
2752, 0.7091
2753, 1.3058
27333, 1.4721
26006, 0.2949
27339, 0.4892
26279, 0.2562
27342, 0.1354
10959, 0.1884
27344, 0.7918
27345, 1.0545
1827, 0.3106
27348, 4.4968
27349, 0.1017
27350, 0.1156
27351, 0.1485
26404, 0.2044
10970, 0.2882
10976, 0.1666
10977, 0.1882
10978, 0.2589
10979, 0.1637
10980, 0.2707
10982, 0.2971
10984, 0.1292
10985, 0.1713
2794, 0.4789
35563, 0.5255
27773, 0.3485
27733, 0.3018
18022, 0.7870
35575, 0.3365
25044, 0.6203
35578, 0.3336
27387, 0.2140
11004, 2.0371
11006, 0.3476
11007, 0.5216
2816, 0.1549
11026, 0.2372
11027, 0.2492
35608, 0.3508
35829, 0.2193
35615, 0.2976
11042, 0.3393
27428, 0.2125
11048, 0.5913
1842, 0.7077
35635, 0.3797
20855, 0.6218
15644, 1.5739
47014, 0.2622
27297, 0.2587
35643, 0.3944
35644, 0.3893
27457, 0.2739
11080, 0.1523
35658, 1.0120
35659, 0.3894
11086, 0.2081
1848, 0.8209
27476, 0.2557
19598, 0.1528
27102, 0.4010
11101, 0.2068
35680, 0.4407
35681, 0.4335
26638, 0.3845
1851, 0.3259
40609, 0.3116
11112, 0.1212
35691, 0.2782
35694, 0.4082
11122, 0.3191
35704, 0.3942
27514, 0.1494
2941, 1.8823
2943, 0.9355
2945, 0.2710
2948, 0.1851
19333, 0.1139
2950, 0.6477
2957, 0.2056
35728, 0.4023
35729, 0.9026
32014, 0.9045
35732, 0.3640
35733, 0.9344
19350, 0.1027
19351, 0.1321
35740, 0.2356
35741, 0.3698
35742, 0.2940
35743, 0.3968
35745, 0.4664
2978, 0.5190
2979, 0.6343
35750, 0.3923
35752, 0.3520
11177, 0.5827
19370, 0.2443
19371, 0.2300
11180, 0.3806
35757, 0.3611
35759, 0.2693
35761, 0.3897
35763, 0.1788
1865, 0.3419
35769, 0.1950
35770, 0.4051
11204, 0.2359
11206, 0.1723
35784, 0.3668
35786, 0.3655
3021, 1.6903
3023, 1.1086
3025, 2.5325
3027, 0.9777
3028, 0.8798
3029, 0.4653
3030, 0.3459
3031, 0.3225
3032, 0.9000
3033, 0.5479
3034, 0.3861
11227, 1.5664
3036, 0.3190
3037, 0.3228
3038, 0.3328
11231, 1.5848
3041, 1.3796
3043, 0.9426
3044, 0.8343
3045, 0.4593
3046, 0.3533
3047, 0.3808
44008, 0.2460
3049, 1.2958
3052, 0.8806
3053, 1.1967
3054, 2.5106
3055, 0.9681
3056, 0.3133
11249, 0.5312
3058, 0.6553
3059, 0.7782
3060, 0.3463
11253, 0.8182
3062, 0.3641
3063, 0.3398
3064, 1.0330
3065, 0.4975
3066, 0.3185
3067, 0.4841
3068, 0.2297
3069, 0.5853
3070, 1.0935
11264, 0.1652
27650, 0.1828
27656, 0.2537
27660, 0.2110
19470, 0.1295
23562, 1.2330
19486, 0.1821
19487, 0.1139
42738, 0.3490
39930, 1.3813
44082, 0.1461
26180, 0.1225
19508, 0.1657
11317, 0.8274
11319, 0.2390
44088, 0.1773
24382, 0.3318
3141, 1.6090
11334, 0.2023
11335, 0.1343
27720, 0.1437
27721, 0.1371
27722, 0.1530
27723, 0.3335
3149, 0.9711
3150, 1.0307
3151, 0.4392
3152, 0.8890
3153, 0.4821
3154, 0.5035
3155, 0.4309
3156, 0.3679
3157, 0.3265
3158, 0.3089
3159, 0.3170
3160, 0.4077
3161, 0.3377
3162, 0.3569
3163, 0.3122
3164, 0.3255
3165, 0.2993
3166, 0.3133
3167, 0.3201
3171, 1.3620
3172, 0.8302
3173, 0.3811
3174, 0.6376
3175, 0.3405
11368, 0.0871
3177, 0.9060
3178, 2.6853
3179, 1.0818
3180, 0.4001
3181, 0.3689
3182, 0.4081
3183, 0.3350
3184, 0.3322
3185, 0.2957
3186, 0.3132
3187, 0.3238
3188, 0.3067
3189, 0.3543
3190, 0.3006
3191, 0.5239
3192, 0.2868
3193, 0.3143
3194, 0.3442
3195, 0.3084
3196, 0.3812
3197, 0.7284
3198, 0.3957
3199, 0.9298
38764, 0.1593
11406, 0.1758
30573, 0.3061
11411, 0.3259
25113, 0.1936
11417, 0.1179
11420, 0.1956
3229, 1.0822
3231, 0.8865
11424, 0.3089
11425, 0.2509
11426, 0.6816
11428, 0.1305
36038, 0.3402
11432, 0.1747
39934, 0.3716
11434, 0.1472
36017, 0.2250
3252, 0.9204
3253, 0.4674
3254, 0.6979
3255, 0.3262
3257, 1.0328
3258, 2.3743
3259, 0.7104
3260, 0.4809
3261, 0.2994
3262, 0.3478
3263, 0.3278
3264, 1.4564
3265, 0.6540
3266, 1.1577
3267, 0.5226
3268, 0.5732
3269, 0.3224
3270, 0.4399
3271, 0.3362
3272, 0.4759
3273, 0.3670
3274, 0.3705
11467, 0.9038
3276, 0.3315
3277, 0.3545
3278, 0.3355
3279, 0.3221
3280, 0.3334
3281, 0.3908
3282, 0.3508
3283, 0.4407
3284, 0.5561
3285, 2.1968
3286, 0.7735
3287, 2.4569
3288, 0.3395
548, 0.5583
3290, 0.2855
3291, 0.5295
3292, 1.5507
27869, 0.1335
3294, 1.6805
19679, 0.1473
3296, 0.3006
3297, 0.3405
3298, 0.3257
3299, 0.3414
3300, 0.3738
3301, 0.3126
3302, 0.3277
3303, 0.3561
3304, 0.3911
3305, 0.4455
3306, 0.3137
3307, 0.2673
3308, 0.3390
3309, 0.3672
3310, 0.3500
3311, 0.4074
3312, 0.3769
3313, 1.0471
3314, 0.4156
3315, 2.1126
19701, 0.1785
48686, 0.2655
3320, 0.9097
3321, 1.8352
3322, 1.5017
27861, 0.2190
3328, 0.2958
3329, 0.7246
3330, 0.3466
3331, 0.5761
3332, 3.5322
30593, 0.7059
3336, 0.4776
3337, 1.0653
3338, 0.6786
38786, 0.2562
27918, 0.1623
11535, 0.2731
30595, 0.1499
3289, 0.4369
3353, 0.7615
48394, 0.2033
3355, 0.7206
48346, 0.3805
1925, 0.4748
3360, 0.7218
27937, 0.3739
3362, 1.1325
23771, 1.1007
11557, 0.3553
3368, 2.6226
1927, 0.5816
3375, 0.7001
30601, 0.0874
16948, 0.7567
23775, 0.4683
11582, 0.1555
27391, 0.1911
19680, 0.1351
20026, 0.1721
11591, 0.3552
11596, 0.0875
19682, 0.0943
44369, 0.4405
44371, 0.2973
44372, 0.4272
11605, 0.5423
36182, 0.3710
11607, 0.5963
11611, 0.2073
36188, 0.4289
36189, 0.3758
48942, 0.1128
27878, 0.1458
11626, 0.2618
15591, 0.2631
28015, 0.1662
11632, 0.1252
11633, 0.1095
44402, 0.4936
44405, 0.1968
28030, 0.2780
28031, 0.1591
28033, 0.1597
3458, 0.3036
3459, 0.2343
28040, 0.1474
3465, 0.2019
19858, 0.2469
29205, 0.7915
11672, 0.4795
11673, 0.6621
11674, 0.6154
11675, 0.7719
26303, 0.1623
44448, 0.0920
11684, 0.2063
25159, 0.1633
36082, 0.3765
11695, 0.5316
30622, 0.2213
11706, 0.1949
28091, 0.2063
28092, 0.4933
28094, 0.3580
28101, 0.1727
30625, 0.3905
36301, 0.3117
28112, 0.1439
1955, 0.3114
28117, 0.4079
44502, 0.2264
28119, 0.2901
44506, 0.3343
28123, 0.2573
28124, 0.2043
28125, 0.2385
28126, 0.4218
28127, 0.2513
1958, 0.7248
1959, 1.5296
44528, 0.2934
28148, 0.4348
19957, 0.2848
19959, 1.0573
28154, 0.3633
1962, 0.3298
15616, 1.4136
19973, 0.2048
3591, 1.3170
19978, 0.1407
3596, 1.7228
3597, 0.8330
3598, 0.9580
3599, 0.3946
3600, 1.0100
3601, 0.4452
3602, 0.4962
3603, 0.3863
3604, 0.3172
3605, 0.2979
3606, 0.3294
3607, 0.2926
3608, 0.3639
3609, 0.3164
3610, 0.3851
3611, 0.3003
3612, 0.3144
3613, 0.3165
11806, 0.7059
3615, 0.2996
20000, 0.1564
3617, 1.0660
3618, 1.6712
3619, 0.6426
3620, 0.6348
3621, 0.3332
3622, 0.3903
3623, 0.3659
3624, 0.8935
3625, 0.3523
3626, 0.3076
3627, 0.2959
3628, 0.3015
3629, 0.3804
3630, 0.2752
3631, 0.3609
3632, 0.3361
3633, 0.3618
3634, 0.3211
3635, 0.3375
3636, 0.3199
3637, 0.3230
3638, 0.3228
3639, 0.3154
3640, 0.3984
3641, 0.3122
3642, 0.3563
3643, 0.3372
3644, 0.3440
3645, 0.4147
3646, 0.4031
3647, 1.0856
3648, 0.0889
3649, 0.0858
3650, 0.2887
3651, 0.3575
11844, 0.1926
11845, 0.2317
3654, 0.5116
3655, 1.4326
3656, 0.3621
3657, 0.4288
3658, 0.3224
3659, 0.6539
3660, 0.7984
3661, 3.9501
3662, 1.8174
3664, 1.7322
20053, 0.9944
40207, 0.3452
3680, 0.3559
3681, 0.9422
3682, 0.8294
3683, 1.5184
15633, 0.3075
3688, 1.3928
14268, 4.9099
23582, 0.9054
36130, 0.1348
14269, 1.5670
28272, 0.4848
28273, 0.3864
44660, 0.2225
14270, 1.0723
44662, 0.5161
15636, 0.2176
11898, 0.1990
14271, 0.4477
20095, 0.2861
3712, 0.2715
3713, 0.3070
3714, 0.3069
3715, 0.3076
3716, 0.3461
3717, 0.3165
11910, 0.1405
3719, 0.3280
3720, 0.3872
3721, 0.3635
3722, 0.3392
3723, 0.3778
3724, 0.3084
3725, 0.3732
3726, 0.3892
3727, 0.9271
3728, 0.3205
3729, 0.3723
3730, 0.3217
3731, 0.8907
3732, 0.8122
3733, 3.1476
36503, 0.1583
3736, 0.8656
3737, 1.7280
3738, 1.7315
36507, 0.1538
20125, 0.1441
3744, 0.3163
3745, 0.4204
3746, 0.3685
3747, 0.7992
3748, 0.7287
3749, 1.2706
3750, 2.8892
3752, 0.7995
3753, 1.8122
11946, 0.1679
3755, 0.1210
40221, 0.1934
36529, 0.0984
39960, 0.2053
30666, 0.8943
48416, 0.2718
22221, 0.3738
30667, 0.8307
23585, 0.3598
11974, 0.3046
11975, 0.9412
20168, 0.1766
14284, 3.2618
11980, 0.3717
11981, 0.6152
38861, 0.2566
36131, 0.1963
30670, 1.4872
28378, 0.2396
35814, 0.1314
28387, 0.2462
28390, 0.1529
48423, 0.1983
47058, 0.1394
3824, 0.3550
36595, 0.1849
36598, 0.3470
36601, 0.1596
36604, 0.2139
47061, 0.1117
20224, 0.7830
44802, 0.2819
44803, 0.3050
12038, 0.2117
3849, 0.3497
36618, 0.2783
47063, 0.1488
28429, 0.2217
28430, 0.1099
28433, 0.5135
28436, 0.1955
47047, 0.0984
42969, 0.2854
28448, 0.1210
42971, 0.7510
28452, 0.1730
42974, 0.5360
22121, 0.3170
20289, 0.2109
20292, 0.1831
18401, 0.2131
30741, 0.7607
30690, 0.4712
28496, 0.1296
28497, 0.2378
30691, 0.0838
12121, 0.8671
12123, 0.8658
36700, 0.1265
3934, 0.4618
30693, 0.6160
20323, 0.1980
30694, 0.0823
30695, 0.0810
31014, 1.6200
14312, 0.1982
44914, 0.1993
44915, 0.1968
20342, 0.1736
28535, 0.1216
44920, 0.1715
44921, 0.1508
24955, 0.1971
20348, 0.2440
14314, 0.2424
15680, 0.1893
34795, 0.4404
30700, 0.4212
12173, 1.5400
30701, 0.1063
20371, 0.3980
20372, 0.1249
30702, 3.7171
12184, 0.5930
20377, 0.4839
30703, 0.9207
20382, 0.1240
30704, 0.9139
27741, 0.2369
21683, 0.3073
30705, 1.8310
30706, 0.1069
28593, 0.2321
4018, 0.1276
28595, 0.4083
36788, 0.1431
36790, 0.2790
30710, 0.6129
28614, 0.1779
28617, 0.3410
47053, 0.2120
28619, 0.2418
28620, 0.2604
28622, 0.1208
30712, 0.0925
30713, 0.0885
30714, 0.5386
21685, 0.3887
30715, 0.4457
30716, 0.2983
36846, 0.1213
22525, 0.7912
45044, 0.1565
22526, 0.9154
45046, 0.2787
48469, 0.2117
4096, 0.2792
4097, 0.3855
4100, 0.2627
4101, 0.1795
4102, 0.2848
4104, 0.1903
4106, 0.2566
27991, 0.1456
22232, 0.4735
26626, 1.0865
26324, 0.2950
31015, 5.0748
21687, 0.3881
4130, 0.2891
30689, 0.0930
30306, 0.4413
48478, 0.0632
30688, 0.3903
27251, 1.2430
48479, 0.0818
4158, 0.3961
4159, 0.1431
26635, 0.3592
26636, 0.5326
26053, 0.2393
26637, 0.3786
4180, 0.3685
4181, 0.3501
4182, 0.1217
4183, 0.2357
28762, 0.3417
26639, 0.5050
21179, 0.2422
26641, 0.3620
24469, 0.7615
29374, 0.3107
30740, 0.8921
29375, 0.3663
30692, 0.4432
4223, 0.1775
4225, 0.2650
20610, 0.3106
20611, 0.2589
28805, 0.1737
28806, 0.4868
28807, 0.7872
28808, 0.9261
28809, 0.1868
12426, 0.1315
28811, 0.6366
28812, 0.1360
28813, 0.1397
28814, 0.2879
28815, 0.1671
28816, 0.2677
26648, 0.3928
28818, 1.0162
28819, 1.0372
4244, 0.2586
4245, 0.1174
28822, 1.5858
26649, 1.0000
28824, 0.1346
28825, 0.1858
28826, 0.1410
28827, 0.1476
28828, 0.4069
26650, 0.8462
28830, 0.1558
28831, 0.1576
12448, 0.1357
28833, 2.6078
35817, 0.0948
28836, 1.4938
28837, 1.0148
26652, 1.5905
40618, 0.3859
28848, 0.8204
28849, 0.6615
48499, 0.1578
28852, 0.7238
28853, 0.5602
28855, 1.3132
48500, 0.0930
28862, 0.2298
28863, 0.6014
26057, 0.1434
28872, 0.6817
28873, 0.9303
28874, 0.1465
28875, 0.1617
28876, 2.1186
28878, 0.3351
28879, 0.5485
40313, 1.2427
4312, 0.1661
4313, 0.1874
28890, 1.0442
28891, 1.4352
28894, 1.1298
28896, 0.1810
28897, 0.1366
28898, 1.2315
28899, 1.3150
28900, 0.1313
28901, 0.1668
28902, 0.6071
28903, 0.5632
4332, 0.2089
46066, 0.7803
28912, 0.8790
26664, 0.6082
4338, 0.1694
17107, 0.1310
28916, 0.3063
28917, 0.5350
28918, 0.0948
26665, 0.9863
28921, 0.7008
28923, 1.8522
4348, 0.2147
26666, 1.0586
28926, 0.9519
20735, 0.5005
23936, 0.4318
25302, 0.3250
4365, 1.3019
12560, 0.2005
28035, 0.1640
23605, 0.9912
4394, 0.3034
31017, 0.7458
48520, 0.2406
12597, 0.0980
4406, 0.1687
4407, 0.2177
17119, 0.4017
23652, 1.3920
12607, 0.3486
25312, 0.7429
25313, 1.0355
20817, 0.8968
20819, 0.9543
4436, 0.1832
20821, 0.3326
20822, 0.3804
4439, 0.1947
20825, 1.5221
20828, 0.6777
20829, 0.3187
20830, 0.7246
20831, 0.3371
12640, 0.0918
12642, 0.1049
4456, 0.1756
4457, 0.1092
12650, 0.5404
36242, 0.3349
20852, 1.0995
20853, 0.4752
20854, 2.0771
4471, 0.1417
4474, 0.1547
4475, 0.2880
20861, 0.8578
20863, 1.1750
12673, 0.4604
12674, 0.1704
12679, 0.3709
12684, 0.4734
12685, 0.2338
4494, 0.2246
12687, 0.1786
23960, 3.1513
12693, 0.1641
4512, 0.3322
29089, 0.9161
29090, 0.0947
29091, 0.1390
12709, 0.6649
29094, 0.5224
29095, 0.7770
29096, 0.1000
29097, 0.0883
29098, 0.7048
29099, 0.7233
29100, 0.0901
29101, 0.1019
29102, 0.5309
29103, 0.8020
30792, 0.2861
29106, 0.9230
30793, 0.3247
29112, 0.9675
29113, 0.5304
29114, 0.7071
29115, 0.4221
4540, 0.1499
4541, 0.2639
22792, 0.3169
29119, 1.1466
12736, 0.2714
30795, 0.4309
23611, 0.3650
23653, 0.4727
20949, 1.1591
22607, 0.1445
29162, 0.4629
29163, 0.5950
29166, 0.9928
29167, 4.5119
4597, 0.1088
4599, 0.1134
23554, 1.1344
29187, 0.2671
29189, 0.3663
29190, 0.3749
29191, 0.2700
29192, 0.4185
29193, 0.2026
29196, 0.5067
29197, 1.7064
29204, 0.3315
23982, 0.1506
21016, 0.2462
29209, 0.4000
24159, 1.5210
29211, 0.1840
29212, 0.5173
29214, 0.2603
21023, 0.1136
23984, 0.9239
30811, 1.2081
34908, 0.6005
23986, 0.5731
29231, 0.2051
12848, 0.1562
25451, 1.4480
48983, 0.1290
23987, 1.3327
30814, 0.9507
30815, 1.1089
29244, 0.3848
29245, 0.3358
1792, 1.6184
30707, 0.3980
29881, 0.5819
32617, 1.0677
47204, 0.3357
29277, 0.6721
40801, 0.1564
4708, 0.2042
18534, 0.3831
4710, 0.1894
4711, 0.1403
4726, 0.1097
10346, 0.4044
30982, 1.2251
10347, 0.2707
4748, 0.1983
4750, 0.2079
30263, 0.1086
40803, 0.1863
40389, 4.6806
4770, 1.0468
4771, 1.0142
4772, 1.8184
4774, 1.0203
30833, 0.8541
4776, 1.2626
4777, 2.0500
36295, 0.2514
12972, 1.0922
12973, 1.2476
12974, 0.7097
12975, 0.3057
29362, 0.2533
29367, 0.1691
21177, 0.1200
12986, 0.4492
12987, 0.5516
29373, 0.4107
12990, 0.8462
12991, 1.5800
30838, 0.5066
30839, 0.3736
27310, 0.2808
21211, 0.1435
30985, 1.3686
10362, 0.2858
28803, 0.4585
30645, 1.2485
30844, 0.4748
30845, 0.3373
28115, 0.4074
30986, 1.6879
21691, 0.3202
26752, 2.8146
31016, 0.3509
29444, 1.9196
18561, 0.1488
29448, 0.3219
13074, 0.1847
29461, 1.1767
13080, 0.3805
18564, 0.1045
23622, 0.5519
40410, 0.1566
30853, 0.2314
38856, 0.7814
44508, 0.7736
30988, 0.8555
23623, 0.3314
29504, 0.2883
29505, 0.0837
29506, 0.4883
29507, 0.1093
29508, 0.2801
4933, 0.1600
29510, 0.0943
29511, 0.0920
29512, 1.2817
29513, 0.8074
29516, 0.6253
29517, 0.3955
29519, 0.9411
29520, 0.5819
29521, 0.8850
29522, 0.0932
29523, 0.2831
30989, 0.4520
29526, 0.5822
29527, 1.8771
29528, 0.0964
29529, 0.0908
29530, 0.6250
29531, 0.4322
29532, 0.3163
13149, 0.2810
29534, 0.4635
13151, 0.5180
40264, 0.2189
30864, 0.1724
4965, 0.3127
30717, 1.4030
29549, 0.2577
29551, 0.2019
4976, 0.2121
23625, 1.7025
29566, 0.2417
4994, 0.1991
36331, 0.1313
30718, 1.1800
29627, 2.7870
29591, 0.8821
5016, 0.3311
21402, 0.2970
21403, 0.1856
5020, 0.1579
29597, 0.9924
21406, 0.4511
29509, 0.5019
21409, 0.3324
21411, 0.2069
29628, 4.8225
27857, 0.2192
21424, 0.4430
21425, 0.2757
21427, 0.4304
21428, 0.2972
29621, 3.9789
21430, 0.2270
29623, 2.3283
21433, 0.3655
29626, 3.1512
21435, 0.7200
21436, 0.1445
21437, 1.2181
21438, 0.3158
21439, 0.4044
29632, 1.1563
29633, 1.2223
29634, 0.4998
26275, 0.3737
21445, 1.0012
29638, 0.8894
5063, 0.1844
29640, 0.3765
29629, 2.4097
21450, 0.3833
29643, 0.8179
29644, 0.6853
5069, 0.1734
29646, 1.0251
21456, 0.7210
5074, 0.1940
29652, 0.4009
29653, 0.2606
29654, 0.4499
29655, 0.2723
5080, 0.2028
29664, 3.5975
21473, 0.2559
29666, 1.7502
29667, 2.9521
21476, 0.6042
5094, 0.2666
46055, 0.4592
29672, 1.7366
29673, 2.7088
21482, 1.0141
5099, 0.1288
5100, 0.2825
13296, 1.1697
13297, 0.8737
27912, 0.2743
29685, 0.2947
29687, 0.3024
1807, 0.3067
13313, 0.1512
13314, 0.7936
21507, 0.3563
21508, 0.2840
21509, 0.2950
21510, 0.2607
21511, 0.2653
21512, 0.3177
21513, 0.3576
21514, 0.3495
21515, 0.4658
21516, 0.2858
21517, 0.2857
21518, 0.4516
21519, 0.2937
21520, 0.8561
21522, 0.7113
21523, 0.8278
21526, 0.5761
857, 0.2478
21528, 0.3752
21529, 1.8606
21530, 0.4194
21531, 1.3656
21536, 0.2985
21537, 0.4622
21538, 0.3194
21539, 0.3023
21540, 0.5028
21541, 0.4017
21542, 0.3062
21543, 0.3120
21544, 0.3222
9052, 0.2527
21546, 0.4333
21547, 0.3536
21548, 0.3128
21549, 0.3000
3718, 0.3228
1263, 0.3177
21552, 0.4245
21553, 0.8595
21554, 0.3624
21555, 0.8127
21558, 1.2579
21560, 0.3230
10420, 0.3634
21562, 0.2904
17247, 0.5229
21564, 0.8246
44554, 0.3606
21566, 0.7860
30313, 0.4864
10422, 0.2599
13383, 0.4065
13384, 0.2659
13387, 0.3439
28173, 0.7300
29088, 0.6022
13409, 0.6469
29795, 0.1294
44563, 0.2377
21620, 0.5843
30711, 2.2386
5243, 0.3111
19542, 0.1128
21632, 0.5893
10432, 0.4181
21634, 0.7886
21635, 0.3047
21636, 0.2686
21637, 0.2782
21638, 0.2799
10433, 0.2950
21640, 0.9143
21641, 0.3331
21642, 1.8990
21643, 0.6893
21644, 0.2431
21645, 0.2722
21646, 0.2297
21647, 0.2476
21648, 0.2745
21649, 0.3445
21650, 0.2878
18627, 0.1132
21652, 0.4690
21653, 1.2251
21654, 0.3759
21655, 1.0300
21656, 0.3537
21657, 0.3149
21658, 0.3114
21659, 0.3051
21660, 0.3497
21661, 0.7112
21662, 0.3752
21663, 0.4349
5280, 0.1639
21665, 0.8113
5282, 0.1641
21667, 1.1189
5284, 0.2305
18630, 0.2158
21670, 0.6287
21671, 0.2828
21453, 2.5521
21676, 0.6701
21677, 0.3194
21678, 1.0058
21679, 0.4880
21680, 0.3022
21681, 0.3206
21682, 0.2823
5299, 0.3102
21684, 0.3043
3614, 0.3070
5302, 0.1520
13495, 0.0947
21688, 0.3057
21689, 0.3203
21690, 0.2801
11807, 0.2251
21692, 0.3366
21693, 0.3163
21694, 0.3463
21695, 0.3044
23636, 0.2283
21704, 1.3563
21706, 1.2715
5327, 0.2000
13520, 0.7147
5329, 0.1716
13522, 0.4151
13523, 0.4217
30314, 0.5125
5338, 0.5823
23637, 0.1979
21728, 0.8807
21730, 0.5766
21731, 1.5784
30696, 1.0547
21736, 0.4547
21737, 0.9049
21738, 0.3271
21739, 0.6284
21742, 1.6942
29936, 0.2930
29937, 0.1601
21747, 0.2512
40489, 1.0319
31003, 1.4132
21753, 0.3237
23638, 0.3506
5373, 0.1572
40005, 0.3074
42733, 0.6833
25275, 0.5317
13575, 0.2074
48685, 0.5738
13586, 0.1970
20014, 0.1958
25476, 0.3785
23639, 0.2725
20015, 0.3323
5409, 0.1450
27731, 0.1849
5412, 0.1751
5423, 0.4852
29641, 0.3705
13632, 0.5213
21837, 0.3212
21838, 0.2039
21839, 0.3318
29642, 1.0711
20024, 0.2139
21842, 0.2342
21843, 0.2190
21844, 0.2736
21845, 0.1348
21846, 0.3109
5463, 0.1886
21848, 0.2197
21850, 0.1554
21852, 0.2390
5469, 0.1787
5470, 0.3094
5471, 0.1658
5477, 0.2428
5479, 0.1035
28220, 0.3056
5482, 0.5073
5483, 0.3833
5484, 0.4197
21869, 0.3885
28540, 0.4147
5488, 0.3815
5490, 0.2328
21875, 0.2615
5492, 0.1344
21877, 0.2173
21878, 0.1985
21880, 0.2024
42737, 0.4182
30697, 0.8425
18667, 0.7449
44374, 0.2905
31008, 0.5594
31281, 0.1409
3652, 0.3366
27735, 0.1146
13726, 0.4949
3653, 0.7600
5544, 0.1497
5545, 0.1191
36423, 0.3883
5548, 0.1270
31009, 0.4109
5550, 0.1221
42739, 0.4288
5560, 0.1403
29599, 1.7191
5569, 0.2629
5572, 0.3267
30987, 0.6646
31010, 0.3711
35935, 0.2143
46552, 0.4089
46553, 0.4893
38363, 0.1154
46556, 0.4061
46557, 1.7335
30175, 0.1568
5606, 0.1400
46567, 0.4290
31011, 0.3840
23646, 0.3879
46573, 0.5268
38382, 0.4672
46575, 0.2227
28829, 0.5583
46580, 0.4248
30197, 0.1763
46584, 0.1694
24148, 1.0896
46586, 0.4242
13820, 0.5047
46590, 0.1683
24149, 0.5818
22020, 2.4459
22021, 0.6425
22023, 0.7671
30216, 0.3292
23647, 0.3923
24151, 0.7914
5645, 0.1446
30222, 0.7956
22031, 2.4397
22032, 0.3297
22033, 0.2995
22034, 0.3519
22035, 0.2702
22036, 0.2792
22037, 0.2745
22038, 0.2777
22039, 0.2887
22040, 0.4907
22041, 0.3067
22042, 0.6477
22043, 0.3054
22044, 0.2759
22045, 0.2938
22046, 0.2882
22047, 0.3672
30244, 0.7187
30245, 0.0987
30246, 1.0945
30247, 0.3041
30251, 0.6275
30253, 0.3956
30254, 0.4480
24157, 1.0001
22064, 1.1140
22065, 0.4277
22066, 1.6807
22067, 0.5821
22068, 0.3312
22069, 0.3150
22070, 0.3421
22071, 0.3171
30264, 0.4914
22073, 1.0678
30266, 0.4884
22075, 1.5227
22076, 0.3817
22077, 0.3301
22078, 0.5240
22079, 0.3620
22080, 0.2892
22081, 0.5361
22082, 0.2697
22083, 0.2946
22084, 1.1137
29622, 4.7544
22086, 0.6501
22088, 0.2736
22089, 0.2805
22090, 0.3427
22091, 0.3042
22092, 0.6233
22094, 0.3865
22095, 0.9526
5715, 0.1436
30990, 0.4856
11920, 0.2326
30991, 0.4609
30303, 0.5925
22112, 0.3208
22113, 0.3160
22114, 0.3804
22115, 0.3376
22116, 0.3415
13925, 0.6412
22118, 0.3260
13927, 0.4836
5736, 0.2194
5737, 0.1137
22122, 0.3013
22123, 0.3408
22124, 0.3579
22125, 0.3855
22126, 0.3143
22127, 0.3526
13936, 0.9010
13938, 0.6089
13939, 0.5037
29630, 4.1524
13942, 0.9595
5751, 0.1722
22136, 0.9491
30996, 2.3175
22138, 0.7936
22139, 2.7036
22140, 0.8120
30334, 0.5656
22805, 0.3011
30337, 1.0078
30340, 0.5265
30341, 0.2227
30343, 0.3083
30344, 0.2088
30345, 0.3277
27743, 0.4062
30347, 0.1949
30352, 0.2876
30353, 0.1822
30354, 0.2665
29635, 0.5005
22164, 0.8262
22165, 0.3058
22166, 0.7939
22167, 0.3223
30360, 0.4638
30361, 0.3386
28271, 0.2406
22172, 1.3595
22173, 0.6015
30366, 0.2104
22175, 0.7975
30368, 0.2185
5793, 0.3576
30370, 0.2621
5795, 0.2725
5796, 0.2828
5798, 0.4708
31004, 3.1910
21447, 0.9322
5804, 0.2231
5806, 0.2436
22191, 0.8091
24471, 0.5569
22197, 1.0219
22199, 0.7758
22205, 0.5502
22207, 0.9594
22208, 0.2794
22209, 0.3237
22210, 0.3170
22211, 0.3118
22212, 0.3215
22213, 0.4080
22214, 0.3538
22215, 0.3527
22216, 0.2937
22217, 0.3197
22218, 0.3651
22219, 0.3518
22220, 0.3712
14029, 0.3415
14030, 0.4455
14031, 0.3709
22224, 0.4360
22225, 1.1554
22226, 0.4101
22227, 1.0911
30420, 0.0896
30421, 0.3143
30422, 0.0990
30423, 0.0878
14040, 0.4757
22233, 0.6213
14042, 0.3217
22235, 0.4964
22236, 1.6247
30429, 0.5031
22238, 1.2381
31013, 1.1635
22240, 0.5220
22241, 0.2023
22242, 0.6556
22243, 0.0805
14052, 0.2671
14053, 0.2946
14054, 1.1741
22247, 0.3386
22248, 0.1603
22249, 0.1004
22250, 0.1821
22251, 0.1629
22252, 0.2637
21458, 0.3994
22254, 0.2738
22255, 0.3073
5872, 0.1368
22257, 0.3823
22258, 0.3334
22259, 0.3616
22260, 0.6491
22261, 2.1698
22262, 0.5104
22263, 1.2083
22264, 0.3729
5881, 0.1662
22266, 0.3097
5883, 0.1612
5884, 0.2293
22269, 0.8386
22270, 0.3203
22271, 0.5975
5890, 0.1380
31020, 1.4879
21464, 1.7974
40579, 0.3678
46875, 0.3244
46876, 0.4437
46877, 0.4079
46878, 0.3866
38687, 0.1965
31024, 3.4462
5924, 0.1649
5925, 0.2471
5931, 0.3357
30517, 0.1880
30519, 0.2413
46905, 0.4035
46906, 0.3152
46907, 0.2971
36490, 0.2084
46914, 0.3924
46915, 0.5606
46918, 0.3483
29665, 5.3505
46920, 0.4701
46921, 0.3467
46922, 0.3945
46924, 0.3684
46925, 0.3864
46926, 0.4810
46927, 0.4148
14161, 0.3789
5970, 0.3370
14164, 0.2647
46933, 0.4037
5975, 0.2499
5976, 0.1726
46937, 0.4442
46939, 0.2408
46944, 0.3364
5985, 0.4948
46946, 0.2695
46947, 0.1568
30564, 0.8979
46950, 0.3370
28305, 0.3027
46952, 0.2764
30572, 0.3873
28306, 0.3700
30574, 0.2326
30575, 0.2040
28307, 0.7126
30580, 0.1582
38773, 0.2745
6011, 0.5357
29674, 2.9831
6014, 0.4263
36501, 0.1091
30592, 0.6600
6017, 0.4302
30594, 0.0873
6019, 0.3281
30598, 0.6250
30599, 0.5526
30600, 0.2209
21484, 0.1210
30602, 0.7130
16023, 0.3911
30604, 0.0882
30605, 0.0783
30606, 0.3702
30607, 0.3647
30610, 0.9482
22851, 0.5694
46996, 0.4487
44697, 0.4018
30616, 0.4811
30617, 0.2429
30618, 0.3395
30619, 0.5092
30620, 0.6476
36506, 0.1160
6046, 0.2037
6047, 0.2047
30624, 0.5096
29680, 0.3907
30626, 0.5523
30627, 0.5902
30628, 1.8153
22854, 0.1597
38822, 0.2232
38823, 0.2719
22442, 2.1341
22855, 0.1977
29682, 0.2070
6062, 0.1889
14255, 1.8716
30640, 1.6481
6065, 0.2676
6066, 0.2632
6067, 0.2026
6068, 0.2586
6069, 0.1442
22857, 1.0288
6072, 0.3445
6073, 0.2256
14266, 1.3276
6075, 0.1420
6076, 0.7875
6077, 0.4610
6078, 0.6826
6079, 0.5795
10568, 0.1560
20128, 0.2174
6082, 0.2154
30662, 0.5912
30663, 0.5276
6088, 0.1992
22860, 0.8985
14282, 2.1329
14283, 1.7654
6092, 0.3293
14285, 2.1276
14286, 1.0201
14287, 0.9820
6098, 0.3709
40611, 0.3204
14292, 0.4446
14293, 0.3011
14294, 0.4238
14295, 0.2277
47064, 0.4047
14298, 2.3737
14299, 2.8987
14301, 1.6184
14302, 1.4748
14303, 0.6642
14304, 0.7875
14305, 0.7379
14306, 0.5991
14307, 0.7387
14308, 0.6440
14309, 0.2038
14310, 0.1724
14311, 0.1334
6120, 0.2611
14313, 0.5296
6122, 0.3589
14315, 0.1593
14316, 0.1174
14317, 0.1368
14318, 0.1462
14319, 0.7840
14320, 0.9353
14321, 0.8340
14322, 0.2206
14323, 0.2437
14324, 0.3847
14325, 0.2188
14326, 0.2342
14327, 0.2337
14328, 0.2998
14329, 0.2289
14330, 1.4784
14331, 0.9899
14332, 0.6801
14333, 0.9226
14334, 1.6924
22527, 1.0799
13312, 0.1689
14338, 0.9606
40619, 0.3268
14340, 0.6589
14341, 0.0936
14342, 1.2721
14343, 0.5845
14347, 0.5847
21506, 0.3244
14350, 0.7173
14351, 0.7579
14352, 0.0855
14353, 0.0885
14354, 0.3189
14355, 0.1267
14356, 0.0910
14357, 0.3725
14358, 0.0883
14359, 0.0857
14360, 1.8675
14361, 0.8894
40623, 0.4720
14364, 0.6073
14365, 0.8811
14367, 2.2122
14368, 1.0080
14369, 0.3899
14370, 0.6919
14371, 0.5715
14372, 0.3890
22876, 0.2028
26393, 0.1152
23773, 0.4278
22878, 0.3479
32011, 0.3413
14687, 0.4264
22029, 1.3097
14400, 0.7066
14401, 1.1623
14402, 0.0954
14403, 0.5099
23666, 0.3563
14406, 1.0239
14407, 1.0771
14408, 0.1741
14409, 0.2409
14410, 0.7394
14411, 0.8233
14412, 0.2814
14413, 0.2720
14414, 0.3862
14415, 0.2490
14418, 1.7633
14419, 2.2040
14424, 0.3702
14425, 0.6333
14426, 0.2515
14427, 0.2581
14428, 0.8008
14429, 1.1622
14430, 0.2312
14431, 0.2071
16029, 0.2180
14436, 1.2001
14437, 1.2406
22632, 0.3040
46581, 0.3662
14448, 1.0410
14449, 0.7856
30835, 1.1223
14452, 0.5174
14453, 0.1612
14454, 0.6926
14455, 0.2235
30841, 1.7819
30843, 3.3380
14460, 2.1384
14461, 1.1519
30846, 0.7104
30847, 0.3487
22661, 0.2621
22672, 0.5436
25625, 0.4468
28357, 0.2402
26992, 0.2676
40309, 0.9872
14706, 0.1935
29398, 0.1329
30901, 0.2011
36553, 0.1339
1055, 0.2626
31093, 0.2671
30914, 0.2030
14712, 1.0699
30932, 1.5426
30933, 0.9160
30937, 0.1234
30946, 0.2070
6383, 0.1227
22771, 0.1578
21545, 0.2810
30970, 0.1169
27491, 0.1555
22785, 0.3099
22786, 0.3340
22787, 0.2342
30981, 3.1933
22790, 0.5574
30983, 0.7193
14600, 1.2733
14601, 1.2667
14602, 0.2205
14603, 0.2803
14604, 1.3486
14605, 2.1089
14606, 0.3773
14607, 0.4906
30992, 1.8225
30993, 1.3833
30994, 0.8346
30995, 1.3288
22804, 0.4416
21550, 0.2808
30998, 2.0325
22807, 0.2526
14616, 2.6183
14617, 1.0552
14618, 0.4624
14619, 0.5160
14620, 0.8141
14621, 0.8133
14622, 0.2726
14623, 0.2382
14624, 0.1497
14625, 0.1683
14626, 0.1590
14627, 0.6426
14628, 0.1741
14629, 0.2427
14630, 0.8585
14631, 0.6912
14632, 0.6491
14633, 1.3522
31018, 0.5138
31019, 1.7476
6444, 0.1903
29675, 3.8397
14640, 0.1917
14641, 0.1826
14642, 0.6199
14643, 0.3468
14644, 0.2346
14645, 0.1710
14646, 0.2106
14647, 0.1968
14648, 1.9717
14649, 1.3997
14652, 0.5562
14653, 0.3426
14654, 1.2936
14655, 1.1818
22848, 0.4829
22849, 0.2503
14658, 0.7689
14659, 0.5378
22852, 1.0127
14662, 0.5719
14663, 0.9558
14664, 0.4920
14665, 0.1451
14666, 0.2525
14667, 0.1634
14668, 0.1721
14669, 0.5830
14670, 0.2085
14671, 0.1173
22866, 0.2766
22867, 0.4505
22870, 0.5263
14679, 0.5437
14680, 0.4779
14681, 0.5960
14682, 0.0638
14683, 0.4912
14684, 1.5126
14685, 0.4670
14686, 0.6268
6495, 0.1181
14688, 0.2522
14689, 0.1829
14690, 0.1908
14691, 0.1931
14692, 0.1559
14693, 0.0984
14694, 0.1751
14695, 0.5151
14696, 0.3524
14697, 0.5450
14698, 1.4863
14699, 4.2369
14700, 0.5215
14701, 0.9682
14702, 0.5742
14704, 0.1463
14705, 0.2007
6514, 0.2097
14707, 0.5725
14708, 0.2189
14709, 0.2770
14710, 0.6912
14711, 1.0340
6520, 0.1194
14713, 1.4146
28041, 0.1589
22915, 0.1763
14738, 0.7767
25907, 0.1869
14744, 0.4083
32495, 0.1357
26285, 0.3007
22949, 0.1168
48501, 0.1012
31149, 0.1660
22960, 0.1348
31155, 0.1389
31158, 0.1492
31160, 0.2013
22972, 0.3574
42977, 0.2140
25675, 0.1519
14788, 0.2783
6598, 0.2401
6599, 0.2479
30320, 0.3072
22985, 0.4544
6604, 0.2224
6605, 0.2412
6611, 0.2683
22861, 0.2960
27322, 0.1632
23012, 0.2727
23013, 0.1087
44671, 0.1945
22862, 0.2306
23030, 0.8743
23031, 0.6028
23036, 0.5025
23037, 0.6839
24320, 0.3530
24321, 0.3440
6665, 0.1749
24322, 0.4465
24323, 0.4039
31255, 0.3495
24324, 0.3374
31259, 0.2445
31261, 0.3062
35957, 0.2563
24328, 0.4546
31282, 0.2938
31285, 0.3030
31287, 0.3604
31288, 0.2735
14906, 0.1407
30265, 0.7260
24335, 0.4722
17509, 0.3544
23140, 0.1254
23141, 0.2281
44817, 0.3187
6760, 0.1794
6761, 0.5182
6766, 0.3726
26958, 0.5108
44820, 0.3270
47739, 0.4616
47741, 0.2845
47742, 0.2653
6783, 0.1556
23173, 0.4843
23175, 0.7297
27075, 0.1385
31380, 0.1652
23191, 0.1275
23192, 0.2566
15003, 0.2776
15006, 0.3598
47775, 0.1202
21504, 0.2668
31399, 0.1476
40732, 0.2359
23210, 0.1013
43463, 0.1199
15029, 0.1633
15042, 0.1409
6852, 0.1697
24353, 0.5240
15048, 0.1621
47825, 0.3256
47828, 0.2179
15072, 0.1543
15073, 0.1681
15075, 0.1683
24234, 1.4945
24359, 0.4868
28326, 0.2274
17688, 1.0055
21633, 0.3313
31507, 0.1337
31509, 0.1956
23321, 0.6723
48943, 0.1122
17689, 1.5789
23326, 0.9894
17541, 0.1701
22872, 0.3534
31521, 0.2570
27099, 0.3093
23332, 0.1263
47912, 1.3831
27100, 0.5684
39927, 0.3830
21639, 0.2586
31537, 0.2176
24371, 0.4171
23349, 0.1706
39735, 0.3539
32693, 0.2336
17690, 0.3038
42786, 0.8825
22873, 0.2057
31552, 0.2556
23366, 0.2245
23370, 0.1398
25906, 0.1434
24377, 0.3241
17691, 1.9746
42787, 3.6710
23386, 0.1420
23387, 0.3856
46879, 0.4292
17552, 0.5554
36582, 0.1860
39791, 1.3492
23408, 0.1425
23409, 0.2858
21651, 0.3516
23413, 0.1096
39800, 3.0347
39801, 3.6058
22875, 0.4464
24383, 0.8560
39804, 2.9919
39805, 0.9925
39806, 1.0879
39807, 0.4951
26967, 0.3112
29535, 0.2452
36673, 0.2105
23433, 0.1363
23438, 0.1028
48021, 0.1788
29906, 0.2298
17421, 0.1590
31663, 0.3600
23473, 0.2251
23474, 1.2822
23475, 0.2308
27124, 0.1493
47040, 0.1829
26969, 0.1781
39876, 2.1733
39877, 0.9201
39878, 3.4789
39879, 1.0106
23500, 0.1554
39885, 1.0667
23502, 0.1117
39887, 1.2151
39888, 0.5313
39889, 0.4883
39890, 0.4715
39891, 0.3703
39892, 0.4138
39893, 0.3470
39894, 0.3833
39895, 0.3402
39896, 0.4137
21668, 0.3389
39898, 0.5007
39899, 0.3485
39900, 0.3364
39901, 0.3529
39902, 0.3587
21669, 0.3212
15332, 0.2001
15333, 0.1625
23527, 0.7335
23533, 0.2515
39920, 0.8332
39921, 0.3828
39922, 0.8834
39923, 0.3891
39924, 0.3516
39925, 0.3435
23542, 1.9668
23543, 1.3214
39928, 1.5518
39929, 0.4879
26971, 0.2427
39931, 0.5430
23548, 0.9368
23549, 0.3781
23550, 0.9698
15359, 0.4994
15360, 1.2580
15361, 1.0680
15362, 0.2395
15363, 0.4100
23557, 0.5810
15366, 1.4179
27137, 0.2615
15368, 0.2172
15369, 0.2639
7178, 0.0942
15371, 0.2058
15372, 0.8756
15373, 0.9416
15374, 0.2009
15375, 0.2331
15379, 0.3193
15382, 4.8947
36697, 0.1272
15384, 1.0987
15385, 0.8597
15386, 0.2478
15387, 0.2619
15388, 0.6978
15389, 0.6142
15390, 0.2658
15391, 0.1992
15392, 0.2363
15393, 0.2071
15394, 0.7857
15395, 1.1708
15396, 0.2563
15397, 0.4381
15398, 1.4575
15399, 1.9413
23592, 0.1973
7210, 0.1153
18951, 0.2133
15408, 0.5901
15409, 0.2337
15410, 1.1390
15411, 0.4833
15412, 0.6150
15413, 0.3165
15414, 0.8657
15415, 0.9087
15417, 1.7415
7227, 0.1453
15420, 0.3993
15421, 0.4365
15422, 0.5949
15423, 0.6320
23616, 0.6467
23617, 0.5268
15426, 2.6546
15427, 1.3596
15428, 0.2569
21686, 0.3250
7238, 0.1924
15431, 0.8787
7240, 0.1776
7241, 0.1364
7242, 0.3678
7243, 1.1509
7244, 0.3230
15437, 0.1979
7246, 0.1822
15439, 0.2060
23632, 0.3082
23633, 0.3069
15442, 0.9831
15443, 0.7625
15444, 1.7564
15445, 1.6729
15446, 0.5634
15447, 0.4228
15448, 0.2521
15449, 0.2260
15450, 0.3662
15451, 0.5822
15452, 0.1875
15453, 0.1833
15454, 0.5854
15455, 0.6158
15456, 0.1606
15457, 0.3731
15458, 0.6639
15459, 0.8005
15460, 1.0847
15461, 0.9082
23654, 3.3177
23655, 0.8976
29884, 0.5744
23661, 1.0128
15470, 0.6066
23663, 1.3309
15472, 1.3948
15473, 0.8468
15474, 0.3299
15475, 0.2471
23668, 0.4048
23669, 0.3532
23670, 0.4204
23671, 0.3864
23672, 0.3939
23673, 0.3770
23674, 0.5922
23675, 0.3585
23676, 0.6802
23677, 0.9543
23678, 0.8468
23679, 2.1126
23697, 0.2456
48274, 0.1085
7317, 0.3977
31257, 0.2489
23704, 0.2712
23705, 0.2390
7323, 0.3547
7332, 0.1622
22253, 0.3546
23719, 0.5607
40616, 0.3331
23728, 0.4629
7345, 0.2908
23730, 0.6292
15541, 0.2576
15543, 0.2485
23739, 0.5965
7361, 0.2481
7364, 0.1510
28534, 0.5393
40617, 0.3338
7375, 0.3217
23760, 0.9561
23761, 0.4263
23762, 1.2848
23763, 0.4666
23764, 0.4484
23765, 0.7842
23766, 0.4051
23767, 0.4001
23768, 5.1296
23769, 0.9968
7386, 0.3272
7387, 0.7364
23772, 0.5314
7389, 0.2596
23774, 0.5699
7391, 0.2554
15584, 0.2771
15585, 0.4898
15587, 0.5213
15588, 0.2329
15589, 0.2274
15590, 0.2699
13521, 0.6927
15592, 0.2591
15593, 0.3010
48362, 0.3458
17618, 0.2509
28541, 0.2488
23793, 1.6543
23795, 1.4088
23796, 0.5089
23797, 0.3438
23798, 0.4807
23799, 0.3656
23804, 0.8248
23805, 0.3357
23806, 0.8681
23807, 0.3863
7424, 0.1691
7425, 0.5175
7426, 0.1765
15619, 0.2581
15620, 0.7097
15621, 0.6315
15622, 0.2600
15623, 0.2494
15624, 0.2456
15625, 0.2744
15626, 0.7844
15627, 0.9767
15628, 0.3556
15629, 0.5772
15630, 1.5474
15631, 1.8153
15632, 0.3322
7441, 0.1195
15634, 0.2113
15635, 0.2495
7444, 0.1304
15637, 0.2168
7446, 0.2283
15639, 0.5457
15640, 1.1154
15641, 1.2818
40218, 0.2146
7451, 0.1424
7452, 0.2100
15645, 0.9322
23840, 0.3571
23841, 0.7549
23842, 0.3855
23843, 0.4170
23844, 1.9596
40229, 0.4708
23846, 1.0968
26981, 0.2841
23848, 0.4411
23849, 0.3686
23850, 0.6600
23851, 0.3483
23852, 1.0721
39802, 0.8367
23854, 0.5551
23855, 1.4742
40240, 0.2093
48434, 0.3813
30255, 0.5576
48447, 0.2361
7488, 0.7752
15681, 0.1302
15682, 0.1224
15683, 0.3942
15684, 1.5479
15685, 3.7695
15686, 3.7955
15688, 0.5389
15689, 0.8978
23889, 0.5655
23892, 1.1666
32085, 1.6616
40278, 1.5086
15703, 0.2045
40284, 1.0264
40285, 0.4399
40286, 1.1316
40287, 0.4222
38639, 0.2194
49042, 0.1255
29533, 1.0511
48497, 0.1139
40307, 1.6914
40308, 1.8367
30257, 0.4287
40310, 1.0203
40311, 0.6286
40312, 1.1966
24468, 0.3670
40314, 0.9388
40315, 0.3966
40316, 0.5349
40317, 0.5019
40318, 0.3944
16277, 0.8306
7552, 0.7146
23937, 0.3424
23938, 0.4225
23939, 0.4373
23940, 0.4614
23941, 1.7473
23942, 0.5753
23943, 1.1937
23944, 0.3713
23945, 0.4568
23946, 0.3422
23947, 0.3223
23948, 0.5865
23949, 1.1218
23950, 0.3972
23951, 0.5109
23952, 0.1908
49048, 0.4292
7570, 0.2697
30258, 0.0876
48533, 0.2329
7576, 0.2584
7577, 0.3795
23962, 1.0602
7579, 0.3058
7580, 0.6069
48541, 0.1091
7582, 0.6894
23968, 0.2215
23969, 0.1545
23970, 0.3453
23971, 0.4034
23972, 0.3978
23973, 0.4373
23974, 0.3585
23975, 0.3281
23976, 0.3354
23977, 0.3690
23978, 0.3723
23979, 0.3070
23980, 0.2406
23981, 0.3310
15790, 0.3293
23983, 0.2040
7600, 0.2286
7601, 0.2078
7602, 0.1142
7603, 0.1855
7604, 0.1963
7606, 0.1826
23992, 0.3564
23993, 0.8952
23994, 0.3620
23995, 0.9603
7612, 0.1835
48576, 0.4135
48578, 0.2064
15812, 0.5379
31078, 0.1763
30260, 0.5166
40400, 0.9750
40401, 0.3504
40402, 1.5328
40403, 1.1133
40404, 0.3680
40405, 1.4071
40406, 0.9604
40407, 2.0198
40409, 3.9563
35716, 0.3986
48614, 0.1956
48620, 0.1087
30261, 1.1169
15855, 0.6128
40432, 0.2472
15857, 0.1613
48627, 0.1095
15860, 0.2044
24489, 2.0028
40442, 0.1413
32682, 0.4500
24491, 1.8475
48651, 0.1042
46642, 0.4671
19033, 0.3201
15618, 0.2896
9476, 0.1462
48666, 0.5669
9477, 0.3868
24096, 0.1510
40482, 1.9499
48677, 0.2445
40488, 0.6110
19036, 0.4400
40490, 0.3957
40491, 0.6462
48684, 0.2122
36786, 0.2794
40494, 2.1897
48687, 0.4659
48688, 0.2720
46903, 0.1754
48692, 0.1988
7741, 0.3213
7743, 0.1839
23717, 0.3837
48711, 0.2687
39932, 0.3416
32695, 0.2196
27766, 0.3562
17677, 1.1571
7762, 0.2270
7763, 0.1647
7764, 0.1741
7765, 0.2078
15959, 0.3951
31332, 0.3239
30603, 0.3606
17679, 0.8580
15964, 0.2877
15965, 0.2416
15966, 0.3365
15967, 0.2743
17717, 2.2635
1297, 0.1521
40892, 0.1510
17682, 2.0754
23144, 0.2364
24181, 1.7242
7798, 0.5811
23145, 0.2960
32379, 0.5042
7804, 0.2585
40576, 0.3353
40577, 0.6124
40578, 0.3499
17718, 0.7941
40580, 1.2424
17686, 0.2586
40582, 0.9294
40584, 0.3232
40585, 0.3292
40586, 0.3250
40587, 0.3353
40588, 0.8845
40590, 0.5149
40591, 1.3771
1304, 0.4187
1305, 0.2242
9498, 0.1381
29676, 5.5112
40608, 0.3175
30267, 0.5737
40610, 0.3769
1307, 0.3256
40612, 0.4837
40613, 1.4166
40614, 0.3658
40615, 0.8642
24232, 0.9776
17692, 0.3998
16042, 0.8703
16043, 2.1514
40620, 0.3558
40621, 0.7491
40622, 0.2713
17693, 0.1889
24241, 0.2084
38787, 0.2974
16051, 0.3436
24244, 0.2478
17694, 1.7841
36809, 0.3527
40634, 1.2354
17695, 0.2928
30268, 0.2257
1312, 0.2842
7876, 0.1630
7878, 0.1622
36812, 0.4119
32464, 0.2679
27256, 0.0500
32466, 0.2895
32467, 0.8047
26177, 0.1636
32472, 0.6527
16091, 0.2044
30269, 0.0873
16094, 0.6936
17701, 1.6407
27767, 0.2012
48871, 0.4544
48874, 0.4968
48875, 1.2377
24300, 0.2368
48877, 0.1933
10877, 0.2001
32500, 0.1244
30270, 1.0441
32511, 0.3802
16128, 0.3060
16129, 0.3510
16130, 0.4361
16131, 0.1948
16132, 0.3572
24325, 0.1537
24326, 0.4272
24327, 0.4181
16136, 0.5773
24329, 0.4103
24330, 0.5867
24331, 0.4983
24332, 0.5006
24333, 0.4634
24334, 0.4514
17709, 0.1366
24336, 0.3744
24337, 0.6949
24338, 0.3617
24339, 0.6251
24340, 2.1937
24342, 1.6249
24344, 0.3409
24345, 0.3567
24346, 0.3432
24347, 0.3421
24348, 0.8594
24350, 1.0019
24352, 0.7020
17712, 1.6102
24354, 1.4884
24355, 1.2012
24356, 0.5203
24357, 0.5774
24358, 1.0380
17713, 0.8987
24361, 1.2658
24362, 1.6712
24363, 0.6216
24364, 1.0582
24365, 0.4990
24366, 0.3630
24367, 0.3741
24368, 0.4486
24369, 0.4258
24370, 0.4173
17715, 0.9670
24372, 0.6252
24373, 1.6206
24374, 0.5204
24375, 1.6275
24376, 0.4252
17716, 0.5791
24378, 0.2383
24379, 0.3128
24380, 0.3347
24381, 0.9166
16190, 1.0402
16191, 0.2864
16196, 0.2642
16197, 0.2417
16198, 0.3216
16199, 0.3553
40777, 0.8924
17719, 2.8561
27277, 0.2575
32739, 0.8608
46640, 0.1286
17722, 0.1329
8033, 0.3485
25915, 0.2411
19089, 0.3829
24424, 0.8779
24425, 0.8054
24426, 1.1166
24427, 0.5237
25917, 0.1943
19091, 0.9028
49012, 0.2425
25918, 0.2056
30223, 0.7728
25919, 0.3883
24448, 1.3238
24449, 0.4092
8066, 0.4655
24451, 0.9972
24452, 0.3668
24453, 0.3186
24454, 0.8021
24455, 0.6260
8072, 0.4918
24459, 1.6255
24460, 1.7852
24461, 1.1299
24462, 0.8018
24463, 0.5096
24464, 0.3434
24465, 0.3107
24466, 0.3351
24467, 0.3531
8084, 0.9555
8085, 1.0261
24470, 0.4172
19097, 0.1242
24472, 0.4870
24473, 0.4567
24474, 0.4596
24475, 0.4185
24476, 0.3355
24477, 0.3996
24478, 0.3528
24479, 0.3634
24481, 1.2678
24483, 1.4019
24484, 0.3784
24485, 0.3606
24486, 0.5926
24487, 0.3551
8105, 0.2245
28914, 1.1025
8107, 0.2466
24492, 0.7379
24493, 0.4378
24494, 0.7971
24495, 0.5111
24496, 0.3721
24497, 0.3811
24498, 0.3252
24499, 0.1899
24500, 0.3333
24501, 0.3491
24502, 0.3627
24503, 0.4010
24504, 0.3413
24505, 0.1391
24506, 0.3367
24507, 0.1417
24508, 0.2855
24509, 0.3500
24510, 0.2793
24511, 0.3521
24512, 1.8211
24514, 1.7512
25931, 0.2344
17456, 0.1524
24520, 1.0622
25932, 0.2567
24522, 0.9028
28913, 0.6243
25933, 0.2589
40912, 0.2626
32721, 0.1503
40918, 0.2179
40919, 0.2361
40924, 0.7784
40925, 0.4949
24544, 0.8978
24545, 2.7040
24546, 0.7504
24547, 3.2586
26186, 0.3410
36847, 0.1991
25937, 0.3118
24552, 0.6842
24553, 1.7722
24554, 0.1838
24555, 0.7447
27304, 0.3009
40951, 0.1585
40319, 0.5352
40957, 0.2009
40958, 0.2030
25941, 0.3143
